Generation,Lineage,Sex,AI,Treatment
1,D1,F,2.734693878,D
1,D1,F,0.285714286,D
1,D1,F,2.142857143,D
1,D1,F,2.274725275,D
1,D1,F,1.428571429,D
1,D1,F,3.876190476,D
1,D1,F,0.714285714,D
1,D1,F,1.428571429,D
1,D1,F,1.714285714,D
1,D1,F,1.714285714,D
1,D1,F,3.114285714,D
1,D1,F,0.857142857,D
1,D1,M,1,D
1,D1,M,2.961904762,D
1,D1,M,2.352380952,D
1,D1,M,2.857142857,D
1,D1,M,1.714285714,D
1,D1,M,3.285714286,D
1,D1,M,2.571428571,D
1,D1,M,1.857142857,D
1,D1,M,1.285714286,D
1,D1,M,1.428571429,D
1,D1,M,0.857142857,D
1,D1,M,4.428571429,D
2,D1,F,1.895238095,D
2,D1,F,1.59047619,D
2,D1,F,3.571428571,D
2,D1,F,3.571428571,D
2,D1,F,4,D
2,D1,F,0.857142857,D
2,D1,F,0.571428571,D
2,D1,F,0.980952381,D
2,D1,F,2,D
2,D1,F,3.32967033,D
2,D1,F,3.285714286,D
2,D1,F,1.438095238,D
2,D1,M,4.142857143,D
2,D1,M,1.857142857,D
2,D1,M,2,D
2,D1,M,0.714285714,D
2,D1,M,1.857142857,D
2,D1,M,1.714285714,D
2,D1,M,1.857142857,D
2,D1,M,1.714285714,D
2,D1,M,1.895238095,D
2,D1,M,2.657142857,D
2,D1,M,1.918367347,D
2,D1,M,4,D
3,D1,F,1.428571429,D
3,D1,F,2.142857143,D
3,D1,F,1.714285714,D
3,D1,F,1.714285714,D
3,D1,F,1.895238095,D
3,D1,F,2,D
3,D1,F,2.428571429,D
3,D1,F,2.285714286,D
3,D1,F,1.285714286,D
3,D1,F,0.857142857,D
3,D1,F,0.828571429,D
3,D1,F,1.285714286,D
3,D1,M,1,D
3,D1,M,4.638095238,D
3,D1,M,1.285714286,D
3,D1,M,2.142857143,D
3,D1,M,1.142857143,D
3,D1,M,6.00952381,D
3,D1,M,1.428571429,D
3,D1,M,1.857142857,D
3,D1,M,4.920634921,D
3,D1,M,3.723809524,D
3,D1,M,1.895238095,D
3,D1,M,1.571428571,D
4,D1,F,2.857142857,D
4,D1,F,2.285714286,D
4,D1,F,2.714285714,D
4,D1,F,2.504761905,D
4,D1,F,2.428571429,D
4,D1,F,0.980952381,D
4,D1,F,1.142857143,D
4,D1,F,0.828571429,D
4,D1,F,1.918367347,D
4,D1,F,0.857142857,D
4,D1,F,2.657142857,D
4,D1,F,1.438095238,D
4,D1,M,2.571428571,D
4,D1,M,0.571428571,D
4,D1,M,1.714285714,D
4,D1,M,1.714285714,D
4,D1,M,6.714285714,D
4,D1,M,0.285714286,D
4,D1,M,1.285714286,D
4,D1,M,2.857142857,D
4,D1,M,2.047619048,D
4,D1,M,2.857142857,D
4,D1,M,4.638095238,D
4,D1,M,2.285714286,D
5,D1,F,1.571428571,D
5,D1,F,1.265306122,D
5,D1,F,1.285714286,D
5,D1,F,1.941176471,D
5,D1,F,0.714285714,D
5,D1,F,2,D
5,D1,F,0.857142857,D
5,D1,F,1.857142857,D
5,D1,F,2.285714286,D
5,D1,F,1.142857143,D
5,D1,F,5.095238095,D
5,D1,F,5.571428571,D
5,D1,M,2.857142857,D
5,D1,M,0.828571429,D
5,D1,M,1.895238095,D
5,D1,M,1.285714286,D
5,D1,M,1.428571429,D
5,D1,M,1.742857143,D
5,D1,M,3.285714286,D
5,D1,M,0.714285714,D
5,D1,M,2.80952381,D
5,D1,M,4.142857143,D
5,D1,M,1.895238095,D
5,D1,M,3.285714286,D
6,D1,F,1.59047619,D
6,D1,F,2.961904762,D
6,D1,F,2.857142857,D
6,D1,F,0.371428571,D
6,D1,F,1,D
6,D1,F,0.285714286,D
6,D1,F,2.504761905,D
6,D1,F,1.428571429,D
6,D1,F,0.676190476,D
6,D1,F,2.047619048,D
6,D1,F,0.612244898,D
6,D1,M,2,D
6,D1,M,2.657142857,D
6,D1,M,7,D
6,D1,M,2,D
6,D1,M,3.266666667,D
6,D1,M,1.265306122,D
6,D1,M,1.591836735,D
6,D1,M,1.428571429,D
6,D1,M,1.428571429,D
6,D1,M,2.428571429,D
6,D1,M,0.857142857,D
6,D1,M,1.285714286,D
7,D1,F,2.142857143,D
7,D1,F,2.352380952,D
7,D1,F,0.142857143,D
7,D1,F,1.142857143,D
7,D1,F,2.428571429,D
7,D1,F,2.571428571,D
7,D1,F,1.102040816,D
7,D1,F,1.755102041,D
7,D1,F,0.380952381,D
7,D1,F,2,D
7,D1,F,7.285714286,D
7,D1,F,1,D
7,D1,M,1.285714286,D
7,D1,M,0.952380952,D
7,D1,M,2.2,D
7,D1,M,3.857142857,D
7,D1,M,5.857142857,D
7,D1,M,0.857142857,D
7,D1,M,3.571428571,D
7,D1,M,2.428571429,D
7,D1,M,0.857142857,D
7,D1,M,5.552380952,D
7,D1,M,3.714285714,D
7,D1,M,1.714285714,D
8,D1,F,1.895238095,D
8,D1,F,1.742857143,D
8,D1,F,2.714285714,D
8,D1,F,1,D
8,D1,F,2.081632653,D
8,D1,F,2.714285714,D
8,D1,F,2.428571429,D
8,D1,F,2,D
8,D1,F,2.714285714,D
8,D1,F,0.714285714,D
8,D1,F,0.857142857,D
8,D1,F,1.133333333,D
8,D1,M,1.857142857,D
8,D1,M,3.142857143,D
8,D1,M,2.352380952,D
8,D1,M,0.571428571,D
8,D1,M,0.980952381,D
8,D1,M,2.428571429,D
8,D1,M,2.047619048,D
8,D1,M,2.352380952,D
8,D1,M,2.142857143,D
8,D1,M,3.285714286,D
8,D1,M,1.714285714,D
8,D1,M,2.352380952,D
1,D2,F,1.59047619,D
1,D2,F,3.571428571,D
1,D2,F,2,D
1,D2,F,1.142857143,D
1,D2,F,2.047619048,D
1,D2,F,1.285714286,D
1,D2,F,2.428571429,D
1,D2,F,2.80952381,D
1,D2,F,1.571428571,D
1,D2,F,4.942857143,D
1,D2,F,1.904761905,D
1,D2,F,1.895238095,D
1,D2,M,0.448979592,D
1,D2,M,1.714285714,D
1,D2,M,1.142857143,D
1,D2,M,1.857142857,D
1,D2,M,1.428571429,D
1,D2,M,3.114285714,D
1,D2,M,2,D
1,D2,M,1.714285714,D
1,D2,M,8.428571429,D
1,D2,M,1.285714286,D
1,D2,M,1.857142857,D
1,D2,M,3.285714286,D
2,D2,F,7.285714286,D
2,D2,F,0.857142857,D
2,D2,F,3.285714286,D
2,D2,F,2,D
2,D2,F,1,D
2,D2,F,3.285714286,D
2,D2,F,1.857142857,D
2,D2,F,2.961904762,D
2,D2,F,2.714285714,D
2,D2,F,2.081632653,D
2,D2,F,3.285714286,D
2,D2,F,2.428571429,D
2,D2,M,8.428571429,D
2,D2,M,2.285714286,D
2,D2,M,3.285714286,D
2,D2,M,1.142857143,D
2,D2,M,4.367346939,D
2,D2,M,1.857142857,D
2,D2,M,2,D
2,D2,M,5.428571429,D
2,D2,M,2.428571429,D
2,D2,M,2.244897959,D
2,D2,M,1.918367347,D
2,D2,M,0.857142857,D
3,D2,F,0.93877551,D
3,D2,F,0.428571429,D
3,D2,F,1.142857143,D
3,D2,F,0.857142857,D
3,D2,F,1.895238095,D
3,D2,F,1.571428571,D
3,D2,F,1.285714286,D
3,D2,F,4.142857143,D
3,D2,F,1.142857143,D
3,D2,F,4.428571429,D
3,D2,F,1.438095238,D
3,D2,F,2.142857143,D
3,D2,M,3.714285714,D
3,D2,M,1.714285714,D
3,D2,M,2.571428571,D
3,D2,M,4.857142857,D
3,D2,M,0.857142857,D
3,D2,M,1.285714286,D
3,D2,M,3.285714286,D
3,D2,M,1.571428571,D
3,D2,M,2.714285714,D
3,D2,M,7.571428571,D
3,D2,M,2.428571429,D
3,D2,M,2.80952381,D
4,D2,F,1.714285714,D
4,D2,F,0.285714286,D
4,D2,F,2.714285714,D
4,D2,F,1.59047619,D
4,D2,F,1.59047619,D
4,D2,F,0.714285714,D
4,D2,F,1.142857143,D
4,D2,F,1.102040816,D
4,D2,F,0.612244898,D
4,D2,F,0.828571429,D
4,D2,F,2,D
4,D2,F,1.438095238,D
4,D2,M,1.285714286,D
4,D2,M,2,D
4,D2,M,4.333333333,D
4,D2,M,4.142857143,D
4,D2,M,0.428571429,D
4,D2,M,1.571428571,D
4,D2,M,1.571428571,D
4,D2,M,1.438095238,D
4,D2,M,2.571428571,D
4,D2,M,2.047619048,D
4,D2,M,3.723809524,D
4,D2,M,2.857142857,D
5,D2,F,2.714285714,D
5,D2,F,1.133333333,D
5,D2,F,2.285714286,D
5,D2,F,1.133333333,D
5,D2,F,3.285714286,D
5,D2,F,1,D
5,D2,F,2.2,D
5,D2,F,1.428571429,D
5,D2,F,1.142857143,D
5,D2,F,2.142857143,D
5,D2,F,2,D
5,D2,F,1,D
5,D2,M,2.047619048,D
5,D2,M,1.142857143,D
5,D2,M,2.142857143,D
5,D2,M,2.571428571,D
5,D2,M,0.612244898,D
5,D2,M,1.133333333,D
5,D2,M,3.142857143,D
5,D2,M,2.571428571,D
5,D2,M,0.980952381,D
5,D2,M,3.428571429,D
5,D2,M,4.333333333,D
5,D2,M,2.142857143,D
6,D2,F,1.571428571,D
6,D2,F,2,D
6,D2,F,1.428571429,D
6,D2,F,2.244897959,D
6,D2,F,2.714285714,D
6,D2,F,1.285714286,D
6,D2,F,2,D
6,D2,F,2.285714286,D
6,D2,F,1.59047619,D
6,D2,F,2.504761905,D
6,D2,F,1.133333333,D
6,D2,F,1.714285714,D
6,D2,M,1.857142857,D
6,D2,M,2,D
6,D2,M,1.285714286,D
6,D2,M,2.081632653,D
6,D2,M,2,D
6,D2,M,2.857142857,D
6,D2,M,2.285714286,D
6,D2,M,2.504761905,D
6,D2,M,2.657142857,D
6,D2,M,2,D
6,D2,M,1.747252747,D
6,D2,M,1.895238095,D
7,D2,F,3.142857143,D
7,D2,F,1.142857143,D
7,D2,F,1.438095238,D
7,D2,F,2.80952381,D
7,D2,F,1.133333333,D
7,D2,F,2.857142857,D
7,D2,F,1.428571429,D
7,D2,F,0.857142857,D
7,D2,F,3.266666667,D
7,D2,F,0.612244898,D
7,D2,F,4.571428571,D
7,D2,F,2,D
7,D2,M,1.133333333,D
7,D2,M,3.723809524,D
7,D2,M,1.285714286,D
7,D2,M,3.428571429,D
7,D2,M,2.657142857,D
7,D2,M,2.714285714,D
7,D2,M,2,D
7,D2,M,1.571428571,D
7,D2,M,1.571428571,D
7,D2,M,0.93877551,D
7,D2,M,1.428571429,D
7,D2,M,2,D
8,D2,F,2.571428571,D
8,D2,F,1.59047619,D
8,D2,F,3.428571429,D
8,D2,F,2.285714286,D
8,D2,F,1.285714286,D
8,D2,F,3.142857143,D
8,D2,F,1.428571429,D
8,D2,F,1.428571429,D
8,D2,F,1.142857143,D
8,D2,F,2.428571429,D
8,D2,F,1.285714286,D
8,D2,F,0.676190476,D
8,D2,M,3.428571429,D
8,D2,M,0.857142857,D
8,D2,M,2.285714286,D
8,D2,M,2.285714286,D
8,D2,M,1.133333333,D
8,D2,M,1.438095238,D
8,D2,M,3.387755102,D
8,D2,M,2.142857143,D
8,D2,M,0.857142857,D
8,D2,M,1.755102041,D
8,D2,M,0.714285714,D
8,D2,M,4.428571429,D
1,D3,F,3.428571429,D
1,D3,F,1.714285714,D
1,D3,F,2.428571429,D
1,D3,F,2.244897959,D
1,D3,F,2.571428571,D
1,D3,F,1.428571429,D
1,D3,F,2.142857143,D
1,D3,F,0.676190476,D
1,D3,F,2.285714286,D
1,D3,F,0.714285714,D
1,D3,F,2.428571429,D
1,D3,F,3.714285714,D
1,D3,M,3.285714286,D
1,D3,M,2.081632653,D
1,D3,M,1.142857143,D
1,D3,M,1.571428571,D
1,D3,M,7,D
1,D3,M,2.285714286,D
1,D3,M,2.480519481,D
1,D3,M,2.428571429,D
1,D3,M,5.571428571,D
1,D3,M,3.285714286,D
1,D3,M,2,D
1,D3,M,2.961904762,D
2,D3,F,1.714285714,D
2,D3,F,9.20952381,D
2,D3,F,1.428571429,D
2,D3,F,1.571428571,D
2,D3,F,1.142857143,D
2,D3,F,1.895238095,D
2,D3,F,2.285714286,D
2,D3,F,1.102040816,D
2,D3,F,2.142857143,D
2,D3,F,0.692307692,D
2,D3,F,1.895238095,D
2,D3,F,2.714285714,D
2,D3,M,2.142857143,D
2,D3,M,3.571428571,D
2,D3,M,4.571428571,D
2,D3,M,2.504761905,D
2,D3,M,4.571428571,D
2,D3,M,3.428571429,D
2,D3,M,1.591836735,D
2,D3,M,3.714285714,D
2,D3,M,3.876190476,D
2,D3,M,1.571428571,D
2,D3,M,4.285714286,D
2,D3,M,2.714285714,D
3,D3,F,5.183673469,D
3,D3,F,4.180952381,D
3,D3,F,1.285714286,D
3,D3,F,3.428571429,D
3,D3,F,1.428571429,D
3,D3,F,2.428571429,D
3,D3,F,2.714285714,D
3,D3,F,4.180952381,D
3,D3,F,4.180952381,D
3,D3,F,2.961904762,D
3,D3,F,0.676190476,D
3,D3,F,1.571428571,D
3,D3,M,7.142857143,D
3,D3,M,0.828571429,D
3,D3,M,3.723809524,D
3,D3,M,1.742857143,D
3,D3,M,3.285714286,D
3,D3,M,1.571428571,D
3,D3,M,2.571428571,D
3,D3,M,3.142857143,D
3,D3,M,3.857142857,D
3,D3,M,1.857142857,D
3,D3,M,1.714285714,D
3,D3,M,3.266666667,D
4,D3,F,0.428571429,D
4,D3,F,3.285714286,D
4,D3,F,2.714285714,D
4,D3,F,3.285714286,D
4,D3,F,2,D
4,D3,F,1.571428571,D
4,D3,F,1,D
4,D3,F,2,D
4,D3,F,1.571428571,D
4,D3,F,0.714285714,D
4,D3,F,1.895238095,D
4,D3,F,0.714285714,D
4,D3,M,1,D
4,D3,M,1.59047619,D
4,D3,M,1.438095238,D
4,D3,M,2.081632653,D
4,D3,M,5,D
4,D3,M,5.552380952,D
4,D3,M,0.523809524,D
4,D3,M,1,D
4,D3,M,5.095238095,D
4,D3,M,1.142857143,D
4,D3,M,3,D
4,D3,M,0.714285714,D
5,D3,F,2.352380952,D
5,D3,F,2.857142857,D
5,D3,F,1.285714286,D
5,D3,F,3.571428571,D
5,D3,F,0.857142857,D
5,D3,F,1.285714286,D
5,D3,F,1.857142857,D
5,D3,F,1.714285714,D
5,D3,F,1.571428571,D
5,D3,F,1.428571429,D
5,D3,F,2.428571429,D
5,D3,F,6.161904762,D
5,D3,M,3,D
5,D3,M,2.352380952,D
5,D3,M,1.714285714,D
5,D3,M,3.714285714,D
5,D3,M,2.142857143,D
5,D3,M,2.142857143,D
5,D3,M,3.554621849,D
5,D3,M,4.285714286,D
5,D3,M,2.142857143,D
5,D3,M,2.047619048,D
5,D3,M,2.428571429,D
5,D3,M,4,D
6,D3,F,2.714285714,D
6,D3,F,0.980952381,D
6,D3,F,3.142857143,D
6,D3,F,0.980952381,D
6,D3,F,2.285714286,D
6,D3,F,2.047619048,D
6,D3,F,2.285714286,D
6,D3,F,0.980952381,D
6,D3,F,2.352380952,D
6,D3,F,1.142857143,D
6,D3,F,1.714285714,D
6,D3,F,0.857142857,D
6,D3,M,2.857142857,D
6,D3,M,2,D
6,D3,M,1.142857143,D
6,D3,M,2,D
6,D3,M,7,D
6,D3,M,1.571428571,D
6,D3,M,1.428571429,D
6,D3,M,2.2,D
6,D3,M,1.857142857,D
6,D3,M,2.142857143,D
6,D3,M,3.551020408,D
6,D3,M,4.485714286,D
7,D3,F,1.428571429,D
7,D3,F,1.571428571,D
7,D3,F,0.428571429,D
7,D3,F,4.571428571,D
7,D3,F,1.747252747,D
7,D3,F,0.980952381,D
7,D3,F,2.857142857,D
7,D3,F,1.285714286,D
7,D3,F,2,D
7,D3,F,1.742857143,D
7,D3,F,1.571428571,D
7,D3,F,2.857142857,D
7,D3,M,1.428571429,D
7,D3,M,3.142857143,D
7,D3,M,1.285714286,D
7,D3,M,4.714285714,D
7,D3,M,1.285714286,D
7,D3,M,1.428571429,D
7,D3,M,1.857142857,D
7,D3,M,1.133333333,D
7,D3,M,1.428571429,D
7,D3,M,0.857142857,D
7,D3,M,1.742857143,D
7,D3,M,2.80952381,D
8,D3,F,2.714285714,D
8,D3,F,1.285714286,D
8,D3,F,1,D
8,D3,F,1.591836735,D
8,D3,F,1.395604396,D
8,D3,F,1.428571429,D
8,D3,F,3.285714286,D
8,D3,F,0.714285714,D
8,D3,F,1.285714286,D
8,D3,F,2.142857143,D
8,D3,F,2.714285714,D
8,D3,F,0.857142857,D
8,D3,M,2.428571429,D
8,D3,M,1.857142857,D
8,D3,M,2.504761905,D
8,D3,M,1.133333333,D
8,D3,M,1,D
8,D3,M,1.714285714,D
8,D3,M,2.571428571,D
8,D3,M,0.714285714,D
8,D3,M,3.571428571,D
8,D3,M,4.142857143,D
8,D3,M,1.857142857,D
8,D3,M,1.571428571,D
1,D4,F,0.857142857,D
1,D4,F,3.571428571,D
1,D4,F,3.266666667,D
1,D4,F,1.142857143,D
1,D4,F,2.285714286,D
1,D4,F,4.638095238,D
1,D4,F,2.352380952,D
1,D4,F,2.047619048,D
1,D4,F,0.428571429,D
1,D4,F,1.428571429,D
1,D4,F,1.857142857,D
1,D4,F,1.742857143,D
1,D4,M,3.428571429,D
1,D4,M,4.79047619,D
1,D4,M,2.2,D
1,D4,M,3.114285714,D
1,D4,M,2.428571429,D
1,D4,M,4.485714286,D
1,D4,M,4.142857143,D
1,D4,M,3,D
1,D4,M,2,D
1,D4,M,0.857142857,D
1,D4,M,0.857142857,D
1,D4,M,0.93877551,D
2,D4,F,1,D
2,D4,F,0.571428571,D
2,D4,F,1.714285714,D
2,D4,F,2.081632653,D
2,D4,F,2.142857143,D
2,D4,F,1.571428571,D
2,D4,F,1.285714286,D
2,D4,F,2.961904762,D
2,D4,F,2.428571429,D
2,D4,F,4.142857143,D
2,D4,F,4,D
2,D4,F,2.978021978,D
2,D4,M,2.352380952,D
2,D4,M,0.571428571,D
2,D4,M,2.657142857,D
2,D4,M,3.571428571,D
2,D4,M,3.285714286,D
2,D4,M,2.428571429,D
2,D4,M,2.80952381,D
2,D4,M,1.571428571,D
2,D4,M,1.438095238,D
2,D4,M,4.142857143,D
2,D4,M,3.714285714,D
2,D4,M,2.504761905,D
3,D4,F,1.857142857,D
3,D4,F,1.142857143,D
3,D4,F,1.285714286,D
3,D4,F,1.285714286,D
3,D4,F,1.285714286,D
3,D4,F,1.285714286,D
3,D4,F,2.428571429,D
3,D4,F,1.714285714,D
3,D4,F,4.942857143,D
3,D4,F,1.142857143,D
3,D4,F,1.742857143,D
3,D4,F,3.714285714,D
3,D4,M,3.714285714,D
3,D4,M,3.428571429,D
3,D4,M,2.142857143,D
3,D4,M,1.571428571,D
3,D4,M,2.504761905,D
3,D4,M,2.142857143,D
3,D4,M,8.714285714,D
3,D4,M,4.857142857,D
3,D4,M,3.047619048,D
3,D4,M,2.047619048,D
3,D4,M,4.142857143,D
3,D4,M,3.428571429,D
4,D4,F,2.210084034,D
4,D4,F,2.285714286,D
4,D4,F,0.371428571,D
4,D4,F,2,D
4,D4,F,1.285714286,D
4,D4,F,2.142857143,D
4,D4,F,1.571428571,D
4,D4,F,1.857142857,D
4,D4,F,1.714285714,D
4,D4,F,1.142857143,D
4,D4,F,1.571428571,D
4,D4,F,1.857142857,D
4,D4,M,2.857142857,D
4,D4,M,2.571428571,D
4,D4,M,3.428571429,D
4,D4,M,2,D
4,D4,M,1.428571429,D
4,D4,M,3.428571429,D
4,D4,M,1.428571429,D
4,D4,M,1.265306122,D
4,D4,M,1.923076923,D
4,D4,M,0.523809524,D
4,D4,M,2.142857143,D
4,D4,M,2.285714286,D
5,D4,F,2.80952381,D
5,D4,F,0.371428571,D
5,D4,F,1.285714286,D
5,D4,F,0.571428571,D
5,D4,F,2.142857143,D
5,D4,F,1.714285714,D
5,D4,F,0.857142857,D
5,D4,F,1.428571429,D
5,D4,F,1.133333333,D
5,D4,F,2.047619048,D
5,D4,F,3.428571429,D
5,D4,F,1.285714286,D
5,D4,M,2.285714286,D
5,D4,M,2.857142857,D
5,D4,M,3.428571429,D
5,D4,M,1.714285714,D
5,D4,M,1.714285714,D
5,D4,M,1.904761905,D
5,D4,M,0.857142857,D
5,D4,M,1.571428571,D
5,D4,M,2.142857143,D
5,D4,M,2.285714286,D
5,D4,M,1.714285714,D
5,D4,M,1.742857143,D
6,D4,F,1.428571429,D
6,D4,F,3,D
6,D4,F,1.714285714,D
6,D4,F,3.428571429,D
6,D4,F,2.142857143,D
6,D4,F,4.571428571,D
6,D4,F,2.571428571,D
6,D4,F,0.828571429,D
6,D4,F,0.371428571,D
6,D4,F,0.828571429,D
6,D4,F,1.142857143,D
6,D4,F,1.428571429,D
6,D4,M,3.428571429,D
6,D4,M,1.742857143,D
6,D4,M,3.857142857,D
6,D4,M,2.285714286,D
6,D4,M,0.93877551,D
6,D4,M,1.571428571,D
6,D4,M,4.142857143,D
6,D4,M,1.59047619,D
6,D4,M,4.428571429,D
6,D4,M,2.428571429,D
6,D4,M,2.142857143,D
6,D4,M,1.895238095,D
7,D4,F,1.085714286,D
7,D4,F,0.857142857,D
7,D4,F,0.980952381,D
7,D4,F,0.571428571,D
7,D4,F,4.571428571,D
7,D4,F,1.571428571,D
7,D4,F,2.047619048,D
7,D4,F,3.428571429,D
7,D4,F,1.714285714,D
7,D4,F,5,D
7,D4,F,0.93877551,D
7,D4,F,2.285714286,D
7,D4,M,3.142857143,D
7,D4,M,1.102040816,D
7,D4,M,1.438095238,D
7,D4,M,1.59047619,D
7,D4,M,3.857142857,D
7,D4,M,2.285714286,D
7,D4,M,1.21978022,D
7,D4,M,0.714285714,D
7,D4,M,1.142857143,D
7,D4,M,2.352380952,D
7,D4,M,1,D
7,D4,M,0.775510204,D
8,D4,F,2.352380952,D
8,D4,F,3.285714286,D
8,D4,F,0.952380952,D
8,D4,F,1.428571429,D
8,D4,F,1.714285714,D
8,D4,F,1.21978022,D
8,D4,F,2.428571429,D
8,D4,F,1.285714286,D
8,D4,F,1.285714286,D
8,D4,F,1.285714286,D
8,D4,F,1.428571429,D
8,D4,F,1.571428571,D
8,D4,M,1.904761905,D
8,D4,M,4.638095238,D
8,D4,M,1.21978022,D
8,D4,M,1.857142857,D
8,D4,M,0.775510204,D
8,D4,M,1.285714286,D
8,D4,M,1.133333333,D
8,D4,M,2.504761905,D
8,D4,M,3.714285714,D
8,D4,M,0.571428571,D
8,D4,M,2.2,D
8,D4,M,1.285714286,D
1,U1,F,1.571428571,U
1,U1,F,2.047619048,U
1,U1,F,1.59047619,U
1,U1,F,6.857142857,U
1,U1,F,1.714285714,U
1,U1,F,6.857142857,U
1,U1,F,1.285714286,U
1,U1,F,1.428571429,U
1,U1,F,2.504761905,U
1,U1,F,2.857142857,U
1,U1,F,1.857142857,U
1,U1,F,1.285714286,U
1,U1,M,1.428571429,U
1,U1,M,3.266666667,U
1,U1,M,1.571428571,U
1,U1,M,2.428571429,U
1,U1,M,1.133333333,U
1,U1,M,2.80952381,U
1,U1,M,3.142857143,U
1,U1,M,3.428571429,U
1,U1,M,1.428571429,U
1,U1,M,0.93877551,U
1,U1,M,0.828571429,U
1,U1,M,2,U
2,U1,F,1.571428571,U
2,U1,F,2.571428571,U
2,U1,F,2.142857143,U
2,U1,F,3.428571429,U
2,U1,F,5.428571429,U
2,U1,F,3.723809524,U
2,U1,F,2.571428571,U
2,U1,F,0.571428571,U
2,U1,F,2.142857143,U
2,U1,F,2.142857143,U
2,U1,F,4.571428571,U
2,U1,F,2.857142857,U
2,U1,M,2.857142857,U
2,U1,M,0.714285714,U
2,U1,M,2,U
2,U1,M,1.142857143,U
2,U1,M,1.133333333,U
2,U1,M,1.571428571,U
2,U1,M,2.857142857,U
2,U1,M,3.428571429,U
2,U1,M,1.714285714,U
2,U1,M,1.714285714,U
2,U1,M,3,U
2,U1,M,2.504761905,U
3,U1,F,2.285714286,U
3,U1,F,1.285714286,U
3,U1,F,2.047619048,U
3,U1,F,1.285714286,U
3,U1,F,0.980952381,U
3,U1,F,0.571428571,U
3,U1,F,1.714285714,U
3,U1,F,3.114285714,U
3,U1,F,2.244897959,U
3,U1,F,2,U
3,U1,F,2.142857143,U
3,U1,F,2,U
3,U1,M,0.714285714,U
3,U1,M,3.285714286,U
3,U1,M,0.676190476,U
3,U1,M,2.857142857,U
3,U1,M,6.771428571,U
3,U1,M,1.285714286,U
3,U1,M,0.428571429,U
3,U1,M,1.714285714,U
3,U1,M,1.714285714,U
3,U1,M,1.857142857,U
3,U1,M,0.93877551,U
3,U1,M,6.285714286,U
4,U1,F,1.571428571,U
4,U1,F,1.742857143,U
4,U1,F,2.047619048,U
4,U1,F,2.857142857,U
4,U1,F,0.980952381,U
4,U1,F,0.676190476,U
4,U1,F,1.285714286,U
4,U1,F,1.895238095,U
4,U1,F,0.857142857,U
4,U1,F,1.428571429,U
4,U1,F,3.142857143,U
4,U1,F,2.081632653,U
4,U1,M,1.428571429,U
4,U1,M,1,U
4,U1,M,4.142857143,U
4,U1,M,5.552380952,U
4,U1,M,2.961904762,U
4,U1,M,2,U
4,U1,M,4.638095238,U
4,U1,M,2.2,U
4,U1,M,1.428571429,U
4,U1,M,2.274725275,U
4,U1,M,5.285714286,U
4,U1,M,4.428571429,U
5,U1,F,2.047619048,U
5,U1,F,1,U
5,U1,F,1.755102041,U
5,U1,F,2.734693878,U
5,U1,F,4.942857143,U
5,U1,F,2.142857143,U
5,U1,F,0.676190476,U
5,U1,F,2.428571429,U
5,U1,F,1.285714286,U
5,U1,F,4.040816327,U
5,U1,F,4.040816327,U
5,U1,F,1.714285714,U
5,U1,M,4.285714286,U
5,U1,M,1.742857143,U
5,U1,M,1.285714286,U
5,U1,M,1.59047619,U
5,U1,M,2.571428571,U
5,U1,M,1.857142857,U
5,U1,M,5.428571429,U
5,U1,M,2.352380952,U
5,U1,M,4.857142857,U
5,U1,M,1.133333333,U
5,U1,M,4.180952381,U
5,U1,M,2.80952381,U
6,U1,F,2.142857143,U
6,U1,F,2.285714286,U
6,U1,F,3.285714286,U
6,U1,F,3.571428571,U
6,U1,F,1.591836735,U
6,U1,F,1.428571429,U
6,U1,F,1.59047619,U
6,U1,F,0.93877551,U
6,U1,F,1.571428571,U
6,U1,F,3.571428571,U
6,U1,F,1.438095238,U
6,U1,F,2,U
6,U1,M,1.571428571,U
6,U1,M,2,U
6,U1,M,2.285714286,U
6,U1,M,1.571428571,U
6,U1,M,1,U
6,U1,M,1.857142857,U
6,U1,M,1,U
6,U1,M,1.571428571,U
6,U1,M,1.438095238,U
6,U1,M,1.142857143,U
6,U1,M,2,U
6,U1,M,1.428571429,U
7,U1,F,0.93877551,U
7,U1,F,1.285714286,U
7,U1,F,0.857142857,U
7,U1,F,4.142857143,U
7,U1,F,0.980952381,U
7,U1,F,2,U
7,U1,F,0.952380952,U
7,U1,F,3.285714286,U
7,U1,F,1.133333333,U
7,U1,F,2.285714286,U
7,U1,F,2.047619048,U
7,U1,F,1.142857143,U
7,U1,M,0.714285714,U
7,U1,M,4.285714286,U
7,U1,M,2.961904762,U
7,U1,M,4.142857143,U
7,U1,M,1.285714286,U
7,U1,M,2.657142857,U
7,U1,M,2.504761905,U
7,U1,M,0.428571429,U
7,U1,M,0.714285714,U
7,U1,M,3.266666667,U
7,U1,M,1.142857143,U
7,U1,M,2.714285714,U
8,U1,F,1.895238095,U
8,U1,F,2.714285714,U
8,U1,F,1,U
8,U1,F,2.142857143,U
8,U1,F,4.428571429,U
8,U1,F,1.285714286,U
8,U1,F,1.265306122,U
8,U1,F,1.285714286,U
8,U1,F,2.285714286,U
8,U1,F,1.571428571,U
8,U1,F,1.895238095,U
8,U1,F,2.047619048,U
8,U1,M,4.285714286,U
8,U1,M,3,U
8,U1,M,3.06122449,U
8,U1,M,2.714285714,U
8,U1,M,3.571428571,U
8,U1,M,2.80952381,U
8,U1,M,1.21978022,U
8,U1,M,1.428571429,U
8,U1,M,1.265306122,U
8,U1,M,3,U
8,U1,M,2.571428571,U
8,U1,M,2.142857143,U
1,U2,F,1.714285714,U
1,U2,F,1.133333333,U
1,U2,F,0.93877551,U
1,U2,F,4.028571429,U
1,U2,F,1.714285714,U
1,U2,F,1.571428571,U
1,U2,F,1.285714286,U
1,U2,F,2.714285714,U
1,U2,F,2.285714286,U
1,U2,F,1.438095238,U
1,U2,F,4,U
1,U2,F,1.59047619,U
1,U2,M,2.571428571,U
1,U2,M,2.80952381,U
1,U2,M,1.571428571,U
1,U2,M,1.265306122,U
1,U2,M,2.897959184,U
1,U2,M,2.352380952,U
1,U2,M,6.771428571,U
1,U2,M,1.714285714,U
1,U2,M,2.428571429,U
1,U2,M,1.133333333,U
1,U2,M,1.285714286,U
1,U2,M,3.285714286,U
2,U2,F,4.714285714,U
2,U2,F,1.285714286,U
2,U2,F,4.428571429,U
2,U2,F,3.723809524,U
2,U2,F,1.438095238,U
2,U2,F,1.428571429,U
2,U2,F,5.857142857,U
2,U2,F,1.714285714,U
2,U2,F,2.098901099,U
2,U2,F,0.828571429,U
2,U2,F,4.180952381,U
2,U2,F,1.428571429,U
2,U2,M,2.081632653,U
2,U2,M,1.285714286,U
2,U2,M,1.438095238,U
2,U2,M,3.876190476,U
2,U2,M,4.180952381,U
2,U2,M,2.2,U
2,U2,M,2.80952381,U
2,U2,M,2.081632653,U
2,U2,M,2.408163265,U
2,U2,M,3.266666667,U
2,U2,M,3.571428571,U
2,U2,M,4.180952381,U
3,U2,F,2.142857143,U
3,U2,F,2.081632653,U
3,U2,F,5,U
3,U2,F,3.266666667,U
3,U2,F,1.133333333,U
3,U2,F,5.857142857,U
3,U2,F,1.285714286,U
3,U2,F,1.742857143,U
3,U2,F,2.142857143,U
3,U2,F,1.142857143,U
3,U2,F,0.571428571,U
3,U2,F,1.591836735,U
3,U2,M,6.714285714,U
3,U2,M,4.285714286,U
3,U2,M,5,U
3,U2,M,5.552380952,U
3,U2,M,2.142857143,U
3,U2,M,2,U
3,U2,M,5.552380952,U
3,U2,M,4.428571429,U
3,U2,M,2.352380952,U
3,U2,M,1.571428571,U
3,U2,M,12.86666667,U
3,U2,M,4.857142857,U
4,U2,F,4.428571429,U
4,U2,F,1.285714286,U
4,U2,F,3,U
4,U2,F,2.714285714,U
4,U2,F,7.571428571,U
4,U2,F,1.428571429,U
4,U2,F,1.591836735,U
4,U2,F,2,U
4,U2,F,1.133333333,U
4,U2,F,2.714285714,U
4,U2,F,1,U
4,U2,F,2.047619048,U
4,U2,M,2.714285714,U
4,U2,M,2,U
4,U2,M,4.571428571,U
4,U2,M,3.571428571,U
4,U2,M,0.857142857,U
4,U2,M,4.028571429,U
4,U2,M,1.133333333,U
4,U2,M,3.266666667,U
4,U2,M,1.428571429,U
4,U2,M,0.857142857,U
4,U2,M,2.714285714,U
4,U2,M,3.114285714,U
5,U2,F,2.244897959,U
5,U2,F,1.571428571,U
5,U2,F,1.102040816,U
5,U2,F,3.114285714,U
5,U2,F,0.428571429,U
5,U2,F,0.93877551,U
5,U2,F,3.571428571,U
5,U2,F,1.142857143,U
5,U2,F,1.571428571,U
5,U2,F,1.142857143,U
5,U2,F,3.681318681,U
5,U2,F,2.285714286,U
5,U2,M,2.285714286,U
5,U2,M,2.80952381,U
5,U2,M,1.857142857,U
5,U2,M,1.438095238,U
5,U2,M,2.352380952,U
5,U2,M,1.895238095,U
5,U2,M,2.714285714,U
5,U2,M,3.857142857,U
5,U2,M,2.428571429,U
5,U2,M,3.142857143,U
5,U2,M,2.047619048,U
5,U2,M,0.980952381,U
6,U2,F,2.857142857,U
6,U2,F,4.142857143,U
6,U2,F,1.714285714,U
6,U2,F,5.857142857,U
6,U2,F,1.571428571,U
6,U2,F,1.142857143,U
6,U2,F,1.142857143,U
6,U2,F,1.133333333,U
6,U2,F,1.285714286,U
6,U2,F,1.714285714,U
6,U2,F,1.714285714,U
6,U2,F,2.80952381,U
6,U2,M,1.285714286,U
6,U2,M,1.857142857,U
6,U2,M,5,U
6,U2,M,3.285714286,U
6,U2,M,3.714285714,U
6,U2,M,2.504761905,U
6,U2,M,0.714285714,U
6,U2,M,6.142857143,U
6,U2,M,2.571428571,U
6,U2,M,2.504761905,U
6,U2,M,2.285714286,U
6,U2,M,2.352380952,U
7,U2,F,0.692307692,U
7,U2,F,1.133333333,U
7,U2,F,0.980952381,U
7,U2,F,3.428571429,U
7,U2,F,4.142857143,U
7,U2,F,1.133333333,U
7,U2,F,1.428571429,U
7,U2,F,1.142857143,U
7,U2,F,0.857142857,U
7,U2,F,2,U
7,U2,F,0.828571429,U
7,U2,F,0.571428571,U
7,U2,M,3.285714286,U
7,U2,M,2.857142857,U
7,U2,M,0.857142857,U
7,U2,M,1.857142857,U
7,U2,M,2.714285714,U
7,U2,M,1.714285714,U
7,U2,M,3.876190476,U
7,U2,M,2.857142857,U
7,U2,M,1.285714286,U
7,U2,M,1.285714286,U
7,U2,M,2.714285714,U
7,U2,M,1.285714286,U
8,U2,F,1.571428571,U
8,U2,F,3.285714286,U
8,U2,F,1.142857143,U
8,U2,F,0.857142857,U
8,U2,F,1.714285714,U
8,U2,F,1.285714286,U
8,U2,F,2.571428571,U
8,U2,F,2.857142857,U
8,U2,F,2.047619048,U
8,U2,F,1.142857143,U
8,U2,F,1.918367347,U
8,U2,F,1.285714286,U
8,U2,M,2.571428571,U
8,U2,M,1.428571429,U
8,U2,M,1.428571429,U
8,U2,M,2.714285714,U
8,U2,M,5.095238095,U
8,U2,M,5,U
8,U2,M,2.714285714,U
8,U2,M,2.714285714,U
8,U2,M,1.895238095,U
8,U2,M,2,U
8,U2,M,1.142857143,U
8,U2,M,5.714285714,U
1,U3,F,1.142857143,U
1,U3,F,1.285714286,U
1,U3,F,0.714285714,U
1,U3,F,2,U
1,U3,F,2,U
1,U3,F,0.714285714,U
1,U3,F,2.714285714,U
1,U3,F,3,U
1,U3,F,1.438095238,U
1,U3,F,1.395604396,U
1,U3,F,0.612244898,U
1,U3,F,1.428571429,U
1,U3,M,4.571428571,U
1,U3,M,2.142857143,U
1,U3,M,4.142857143,U
1,U3,M,2.714285714,U
1,U3,M,3.571428571,U
1,U3,M,2.142857143,U
1,U3,M,2.352380952,U
1,U3,M,1,U
1,U3,M,1,U
1,U3,M,1.59047619,U
1,U3,M,1.428571429,U
1,U3,M,1.285714286,U
2,U3,F,0.428571429,U
2,U3,F,2.80952381,U
2,U3,F,0.612244898,U
2,U3,F,4.857142857,U
2,U3,F,2,U
2,U3,F,2.408163265,U
2,U3,F,2.2,U
2,U3,F,3,U
2,U3,F,4.028571429,U
2,U3,F,4.040816327,U
2,U3,F,2.2,U
2,U3,F,1.285714286,U
2,U3,M,3.153846154,U
2,U3,M,5.4,U
2,U3,M,2.142857143,U
2,U3,M,1.265306122,U
2,U3,M,6.161904762,U
2,U3,M,3.857142857,U
2,U3,M,5.19047619,U
2,U3,M,4.942857143,U
2,U3,M,2.428571429,U
2,U3,M,2.2,U
2,U3,M,2.428571429,U
2,U3,M,2.142857143,U
3,U3,F,2.352380952,U
3,U3,F,1.285714286,U
3,U3,F,2.352380952,U
3,U3,F,2.857142857,U
3,U3,F,1.428571429,U
3,U3,F,1.918367347,U
3,U3,F,2.714285714,U
3,U3,F,2.285714286,U
3,U3,F,5.714285714,U
3,U3,F,2.961904762,U
3,U3,F,2,U
3,U3,F,1.142857143,U
3,U3,M,3.857142857,U
3,U3,M,4.285714286,U
3,U3,M,2.285714286,U
3,U3,M,1.142857143,U
3,U3,M,3.224489796,U
3,U3,M,2.571428571,U
3,U3,M,2.504761905,U
3,U3,M,2.857142857,U
3,U3,M,3.714285714,U
3,U3,M,1.714285714,U
3,U3,M,1.571428571,U
3,U3,M,2.657142857,U
4,U3,F,0.857142857,U
4,U3,F,1.438095238,U
4,U3,F,0.523809524,U
4,U3,F,1.714285714,U
4,U3,F,1.043956044,U
4,U3,F,0.714285714,U
4,U3,F,0.714285714,U
4,U3,F,0.571428571,U
4,U3,F,1.21978022,U
4,U3,F,2,U
4,U3,F,2.734693878,U
4,U3,F,1.428571429,U
4,U3,M,1.857142857,U
4,U3,M,5.857142857,U
4,U3,M,2.142857143,U
4,U3,M,1,U
4,U3,M,3.723809524,U
4,U3,M,1.285714286,U
4,U3,M,2.285714286,U
4,U3,M,2.428571429,U
4,U3,M,1.571428571,U
4,U3,M,3.142857143,U
4,U3,M,1.571428571,U
4,U3,M,1.714285714,U
5,U3,F,2.285714286,U
5,U3,F,0.775510204,U
5,U3,F,2.857142857,U
5,U3,F,2.428571429,U
5,U3,F,2.80952381,U
5,U3,F,1.428571429,U
5,U3,F,2.2,U
5,U3,F,0.857142857,U
5,U3,F,1.142857143,U
5,U3,F,1.285714286,U
5,U3,F,3.428571429,U
5,U3,F,0.714285714,U
5,U3,M,3.571428571,U
5,U3,M,3.723809524,U
5,U3,M,2.352380952,U
5,U3,M,1.571428571,U
5,U3,M,0.571428571,U
5,U3,M,1.102040816,U
5,U3,M,2,U
5,U3,M,3.285714286,U
5,U3,M,2.857142857,U
5,U3,M,1.142857143,U
5,U3,M,2.142857143,U
5,U3,M,2.571428571,U
6,U3,F,2.428571429,U
6,U3,F,0.857142857,U
6,U3,F,3.266666667,U
6,U3,F,0.219047619,U
6,U3,F,1.285714286,U
6,U3,F,1.285714286,U
6,U3,F,1.857142857,U
6,U3,F,0.516483516,U
6,U3,F,1.142857143,U
6,U3,F,3.142857143,U
6,U3,F,3.142857143,U
6,U3,F,2.504761905,U
6,U3,M,2,U
6,U3,M,3.266666667,U
6,U3,M,0.676190476,U
6,U3,M,2.80952381,U
6,U3,M,1.142857143,U
6,U3,M,3.876190476,U
6,U3,M,1.428571429,U
6,U3,M,1.428571429,U
6,U3,M,0.980952381,U
6,U3,M,1.857142857,U
6,U3,M,2.857142857,U
6,U3,M,4.428571429,U
7,U3,F,1.285714286,U
7,U3,F,1.438095238,U
7,U3,F,0.980952381,U
7,U3,F,2.285714286,U
7,U3,F,1.142857143,U
7,U3,F,1.895238095,U
7,U3,F,0.428571429,U
7,U3,F,1.571428571,U
7,U3,F,1,U
7,U3,F,0.523809524,U
7,U3,F,1.571428571,U
7,U3,F,1.142857143,U
7,U3,M,1.438095238,U
7,U3,M,1.428571429,U
7,U3,M,0.714285714,U
7,U3,M,2.714285714,U
7,U3,M,0.523809524,U
7,U3,M,2.714285714,U
7,U3,M,2.857142857,U
7,U3,M,3.857142857,U
7,U3,M,2.428571429,U
7,U3,M,5.020408163,U
7,U3,M,2.285714286,U
8,U3,F,2.047619048,U
8,U3,F,0.828571429,U
8,U3,F,3.285714286,U
8,U3,F,2.047619048,U
8,U3,F,1.742857143,U
8,U3,F,2.571428571,U
8,U3,F,2,U
8,U3,F,3.06122449,U
8,U3,F,0.428571429,U
8,U3,F,1.857142857,U
8,U3,F,1.043956044,U
8,U3,F,1.857142857,U
8,U3,M,4.857142857,U
8,U3,M,1.714285714,U
8,U3,M,2.80952381,U
8,U3,M,2.428571429,U
8,U3,M,2.244897959,U
8,U3,M,1.571428571,U
8,U3,M,0.857142857,U
8,U3,M,7.428571429,U
8,U3,M,2.428571429,U
8,U3,M,2,U
8,U3,M,3.714285714,U
8,U3,M,2.571428571,U
1,U4,F,1.571428571,U
1,U4,F,1.571428571,U
1,U4,F,4.142857143,U
1,U4,F,2.571428571,U
1,U4,F,2.047619048,U
1,U4,F,2.504761905,U
1,U4,F,3.142857143,U
1,U4,F,2,U
1,U4,F,1.59047619,U
1,U4,F,2.142857143,U
1,U4,F,1.857142857,U
1,U4,F,0.571428571,U
1,U4,M,2.142857143,U
1,U4,M,2.714285714,U
1,U4,M,0.93877551,U
1,U4,M,3.723809524,U
1,U4,M,4.142857143,U
1,U4,M,1.428571429,U
1,U4,M,1.285714286,U
1,U4,M,1.428571429,U
1,U4,M,5.428571429,U
1,U4,M,4,U
1,U4,M,0.571428571,U
1,U4,M,2,U
2,U4,F,3.571428571,U
2,U4,F,1.438095238,U
2,U4,F,0.857142857,U
2,U4,F,1.857142857,U
2,U4,F,1.714285714,U
2,U4,F,1.428571429,U
2,U4,F,3.876190476,U
2,U4,F,1.571428571,U
2,U4,F,3.714285714,U
2,U4,F,3.714285714,U
2,U4,F,4.285714286,U
2,U4,F,2.064935065,U
2,U4,M,1.895238095,U
2,U4,M,3.428571429,U
2,U4,M,3.876190476,U
2,U4,M,5,U
2,U4,M,2.142857143,U
2,U4,M,4.285714286,U
2,U4,M,6.714285714,U
2,U4,M,3.142857143,U
2,U4,M,3.266666667,U
2,U4,M,1.895238095,U
2,U4,M,5.285714286,U
2,U4,M,4.571428571,U
3,U4,F,1.714285714,U
3,U4,F,2.857142857,U
3,U4,F,3.876190476,U
3,U4,F,1.571428571,U
3,U4,F,4.367346939,U
3,U4,F,2.142857143,U
3,U4,F,2.095238095,U
3,U4,F,3.571428571,U
3,U4,F,2.857142857,U
3,U4,F,2.352380952,U
3,U4,F,2.714285714,U
3,U4,F,1.742857143,U
3,U4,M,1.438095238,U
3,U4,M,4.714285714,U
3,U4,M,1.742857143,U
3,U4,M,8.714285714,U
3,U4,M,1.857142857,U
3,U4,M,2.714285714,U
3,U4,M,3.428571429,U
3,U4,M,1.895238095,U
3,U4,M,3.285714286,U
3,U4,M,1.438095238,U
3,U4,M,3.428571429,U
3,U4,M,2.142857143,U
4,U4,F,2.714285714,U
4,U4,F,1.571428571,U
4,U4,F,1.714285714,U
4,U4,F,2.428571429,U
4,U4,F,2,U
4,U4,F,1.571428571,U
4,U4,F,2.714285714,U
4,U4,F,0.952380952,U
4,U4,F,1.285714286,U
4,U4,F,0.828571429,U
4,U4,F,1.571428571,U
4,U4,F,1.428571429,U
4,U4,M,1.428571429,U
4,U4,M,1.571428571,U
4,U4,M,4.428571429,U
4,U4,M,1.714285714,U
4,U4,M,1.571428571,U
4,U4,M,1.895238095,U
4,U4,M,2.80952381,U
4,U4,M,2.897959184,U
4,U4,M,0.571428571,U
4,U4,M,4.142857143,U
4,U4,M,1.895238095,U
4,U4,M,2.2,U
5,U4,F,1.265306122,U
5,U4,F,2.352380952,U
5,U4,F,2.857142857,U
5,U4,F,0.857142857,U
5,U4,F,1.285714286,U
5,U4,F,1.857142857,U
5,U4,F,2.285714286,U
5,U4,F,1.142857143,U
5,U4,F,2,U
5,U4,F,2.428571429,U
5,U4,F,1.571428571,U
5,U4,F,0.571428571,U
5,U4,M,3.714285714,U
5,U4,M,6.161904762,U
5,U4,M,6.142857143,U
5,U4,M,5.714285714,U
5,U4,M,3.876190476,U
5,U4,M,5.285714286,U
5,U4,M,9.514285714,U
5,U4,M,3.285714286,U
5,U4,M,1.133333333,U
5,U4,M,5,U
5,U4,M,1.285714286,U
5,U4,M,2.142857143,U
6,U4,F,3.857142857,U
6,U4,F,2.098901099,U
6,U4,F,3.285714286,U
6,U4,F,1.428571429,U
6,U4,F,1.265306122,U
6,U4,F,4,U
6,U4,F,2.142857143,U
6,U4,F,2,U
6,U4,F,1.142857143,U
6,U4,F,1.285714286,U
6,U4,F,1.714285714,U
6,U4,F,0.828571429,U
6,U4,M,2,U
6,U4,M,1.428571429,U
6,U4,M,3.114285714,U
6,U4,M,1.285714286,U
6,U4,M,2.897959184,U
6,U4,M,1.428571429,U
6,U4,M,4.180952381,U
6,U4,M,3.571428571,U
6,U4,M,2.285714286,U
6,U4,M,2.857142857,U
6,U4,M,2,U
6,U4,M,2.285714286,U
7,U4,F,1,U
7,U4,F,1.102040816,U
7,U4,F,0.571428571,U
7,U4,F,1.142857143,U
7,U4,F,2.714285714,U
7,U4,F,1.714285714,U
7,U4,F,5.714285714,U
7,U4,F,3.142857143,U
7,U4,F,2.714285714,U
7,U4,F,2.857142857,U
7,U4,F,3.428571429,U
7,U4,F,3.571428571,U
7,U4,M,1.285714286,U
7,U4,M,1.133333333,U
7,U4,M,1.742857143,U
7,U4,M,2.657142857,U
7,U4,M,2.352380952,U
7,U4,M,3.285714286,U
7,U4,M,1.142857143,U
7,U4,M,1.428571429,U
7,U4,M,2.897959184,U
7,U4,M,1.714285714,U
7,U4,M,0.93877551,U
7,U4,M,1.742857143,U
8,U4,F,2.857142857,U
8,U4,F,4.142857143,U
8,U4,F,1.714285714,U
8,U4,F,1.857142857,U
8,U4,F,1.133333333,U
8,U4,F,8.428571429,U
8,U4,F,0.828571429,U
8,U4,F,3.114285714,U
8,U4,F,2.857142857,U
8,U4,F,2.047619048,U
8,U4,F,1.571428571,U
8,U4,F,2.857142857,U
8,U4,M,1.742857143,U
8,U4,M,1.428571429,U
8,U4,M,2.571428571,U
8,U4,M,3.714285714,U
8,U4,M,1.428571429,U
8,U4,M,1.142857143,U
8,U4,M,3.571428571,U
8,U4,M,2.285714286,U
8,U4,M,5,U
8,U4,M,3.876190476,U
8,U4,M,1.895238095,U
8,U4,M,2.714285714,U